<?xml version="1.0" encoding="UTF-8"?>
<beans xmlns:xsi="http://www.w3.org/2001/XMLSchema-instance"
	xmlns="http://www.springframework.org/schema/beans"
	xmlns:context="http://www.springframework.org/schema/context"
	xmlns:aop="http://www.springframework.org/schema/aop"
	xmlns:tx="http://www.springframework.org/schema/tx"
	xsi:schemaLocation="http://www.springframework.org/schema/beans http://www.springframework.org/schema/beans/spring-beans-4.0.xsd
		http://www.springframework.org/schema/context http://www.springframework.org/schema/context/spring-context-4.0.xsd
		http://www.springframework.org/schema/aop http://www.springframework.org/schema/aop/spring-aop-4.0.xsd
		http://www.springframework.org/schema/tx http://www.springframework.org/schema/tx/spring-tx-4.0.xsd">
		
		<!-- 数据库连接池 -->
		<context:property-placeholder location="classpath:datasource.properties"/>
		<bean name="dataSource" class="com.alibaba.druid.pool.DruidDataSource">
			<property name="url"  value="${jdbc.jdbcUrl}"/>
			<property name="driverClassName" value="${jdbc.driverClass}"/>
			<property name="username" value="${jdbc.user}"/>
			<property name="password" value="${jdbc.password}"/>
		</bean>
		
		
		
		<!-- Mybatis工厂 -->
		<bean name="sqlSessionFactoryBean" class="org.mybatis.spring.SqlSessionFactoryBean">
			<property name="dataSource" ref="dataSource"/>
			<property name="mapperLocations" value="classpath:com/briup/ssm/dao/*Mapper.xml"/>
			<property name="typeAliasesPackage" value="com.briup.ssm.common.bean"/>
			<!-- 配置handler -->
			<property name="typeHandlers">
				<array>
					<bean name="addressTypeHandler" class="com.briup.ssm.common.util.AddressTypeHandler"/>
					<bean name="phoneTypeHandler" class="com.briup.ssm.common.util.PhoneTypeHandler"/>
				</array>
			</property>
			<!-- mybatis分页插件 pagehelper -->
			<property name="plugins">
				<array>
					<bean class="com.github.pagehelper.PageHelper">
						<property name="properties">
							<value>
								dialect=oracle
							</value>
						</property>
					</bean>
				</array>
			</property>
		</bean>
		
		<bean class="org.mybatis.spring.mapper.MapperScannerConfigurer">
			<property name="basePackage" value="com.briup.ssm.dao"/>
		</bean>
		
		
</beans>