<?xml version="1.0" encoding="UTF-8"?>
<beans xmlns="http://www.springframework.org/schema/beans"
	xmlns:xsi="http://www.w3.org/2001/XMLSchema-instance" 
	xmlns:p="http://www.springframework.org/schema/p"
	xmlns:context="http://www.springframework.org/schema/context"
	xmlns:mvc="http://www.springframework.org/schema/mvc"
	xsi:schemaLocation="http://www.springframework.org/schema/beans http://www.springframework.org/schema/beans/spring-beans-4.0.xsd
        http://www.springframework.org/schema/mvc http://www.springframework.org/schema/mvc/spring-mvc-4.0.xsd
        http://www.springframework.org/schema/context http://www.springframework.org/schema/context/spring-context-4.0.xsd">

	<!-- 视图解析器 -->
	<bean class="org.springframework.web.servlet.view.InternalResourceViewResolver">
		<property name="viewClass" value="org.springframework.web.servlet.view.JstlView"/>
		<property name="prefix" value="/WEB-INF/jsp/"/>
		<property name="suffix" value=".jsp"/>
	</bean>
	
	<!-- 配置静态资源 -->
	<mvc:resources location="/css/" mapping="/css/**"/>
	<mvc:resources location="/js/" mapping="/js/**"/>
	<mvc:resources location="/images/" mapping="/images/**"/>
	
	<!-- 上传图片实现类 -->
	<!-- <bean id="multipartResolver" class="org.springframework.web.multipart.commons.CommonsMultipartResolver">
		上传图片的大小
		<property name="maxUploadSize" value="5000000"></property>	
	</bean> -->
	
	<mvc:view-controller path="/register" view-name="register"/>
	<mvc:view-controller path="/shopcart" view-name="shopcart"/>
	<mvc:view-controller path="/customer/showorder" view-name="user/order"/>
	<mvc:view-controller path="/customer/showorderinfo" view-name="user/orderinfo"/>
	<mvc:view-controller path="/customer/confirmOrder" view-name="user/confirmOrder"/>
	<mvc:view-controller path="/customer/userinfo" view-name="user/userinfo"/>
	
	<context:component-scan base-package="com.briup.ssm.web.controller" />
	<mvc:annotation-driven/>
</beans>