<?xml version="1.0" encoding="UTF-8"?>
<!DOCTYPE mapper PUBLIC "-//mybatis.org//DTD Mapper 3.0//EN" 
			"http://mybatis.org/dtd/mybatis-3-mapper.dtd">
<mapper namespace="com.briup.ssm.dao.IBookDao">
	<select id="queryById" parameterType="long" resultType="Book">
		select * from book where id = #{id} 
	</select>
	<select id="queryAll" resultType="Book">
		select * from book 
	</select>
	
	<select id="queryByEnjoy" parameterType="CustomerEnjoy" resultType="Book" >
		select * from (select * from (select * from book
		 <where> 
				<if test="bookname != null">
		 			upper(name) LIKE upper(concat(concat('%',#{bookname}),'%'))
				</if>
		</where>)
		 <where>
		 		<if test="booktype1 == true">
					status = 'love'
				</if>	
				<if test="booktype2 == true">
					and status = 'learn'
				</if>	
		</where>)
		 <where> 
				<if test="priceround == 1">
					price between 0 and 50
				</if>	
				<if test="priceround == 2">
					price between 50 and 100
				</if>
				<if test="priceround == 3">
					price between 150 and 200
				</if>	
				<if test="priceround == 4">
					<![CDATA[price > 200]]>
				</if>	
		 </where>
	</select>
</mapper>