<?xml version="1.0" encoding="UTF-8"?>
<!DOCTYPE mapper PUBLIC "-//mybatis.org//DTD Mapper 3.0//EN" 
			"http://mybatis.org/dtd/mybatis-3-mapper.dtd">
<mapper namespace="com.briup.ssm.dao.ICarlineDao">
<insert id="insertLine" parameterType="Carline">
	 <selectKey keyColumn="id" keyProperty="id" resultType="long" order="BEFORE">
			select store_test.nextval from dual
		</selectKey> 
		insert into carline values(#{id},#{num},#{car.id},#{book.id})
</insert>
<delete id="deleteLinebyCarId" parameterType="long">
	delete from carline where carid=#{id}
</delete>


<resultMap type="Carline" id="lineResult2">
<id column="id" property="id"/>
<result column="num" property="num"/>
<association property="car" javaType="ShoppingCar">
			<id property="id" column="carid" />  
</association>
<association property="book" javaType="Book">
			<id property="id" column="bookid" />  
			<result property="name" column="bname"/>
			<result property="price" column="price"/>
</association>
</resultMap>
<select id="findLinesbyCarId" parameterType="long" resultMap="lineResult2">
select l.id,l.num,l.bookid,l.carid,b.id,b.name as bname,b.price
	 from carline l,book b
	 where  l.bookid=b.id  and l.carid=#{id}
</select>
</mapper>