<?xml version="1.0" encoding="UTF-8"?>
<!DOCTYPE mapper PUBLIC "-//mybatis.org//DTD Mapper 3.0//EN" 
			"http://mybatis.org/dtd/mybatis-3-mapper.dtd">
<mapper namespace="com.briup.ssm.dao.ICustomerDao">

	<insert id="saveCustomer" parameterType="Customer" >
		<selectKey keyColumn="id" keyProperty="id" order="BEFORE" resultType="long">
			select store_test.nextval from dual
		</selectKey>
			insert into customer values(#{id},#{name},#{password},#{zip},#{address},#{telephone},#{email})
	</insert>
	
	<select id="findByName" parameterType="String" resultType="Customer">
		select * from customer where name=#{name}
	</select>
	
	<select id="findById" parameterType="long" resultType="Customer">
		select * from customer where id=#{id}
	</select>
	
	<update id="updateCustomer" parameterType="Customer">
		update customer set 
		name=#{name},password=#{password},address=#{address},telephone=#{telephone},zip=#{zip},email=#{email}	
		  where id=#{id}
	</update>
</mapper>			