<?xml version="1.0" encoding="UTF-8"?>
<!DOCTYPE mapper PUBLIC "-//mybatis.org//DTD Mapper 3.0//EN" 
			"http://mybatis.org/dtd/mybatis-3-mapper.dtd">
<mapper namespace="com.briup.ssm.dao.ILineDao">
<insert id="insertLine" parameterType="Line">
	<selectKey keyColumn="id" keyProperty="id" resultType="long" order="BEFORE">
			select store_test.nextval from dual
		</selectKey> 
		insert into orderline values(#{id},#{num},#{order.id},#{book.id})
</insert>
<resultMap type="Line" id="lineResult">
<id column="id" property="id"/>
<result column="num" property="num"/>
<association property="order" javaType="Order" resultMap="orderResult"></association>
<association property="book" javaType="Book">
			<id property="id" column="bookid" />  
			<result property="name" column="bname"/>
			<result property="price" column="price"/>
</association>
</resultMap>
<resultMap type="Order" id="orderResult">
			<id property="id" column="orderid" /> 
			<result property="cost" column="cost"/>
			<result property="orderDate" column="orderdate"/>
			<association property="customer" javaType="Customer" resultMap="CustomerResult"></association>
</resultMap>
<resultMap type="Customer" id="CustomerResult">
				<id property="id" column="customerid" /> 
				<result property="name" column="cname"/>
				<result property="password" column="password"/>
				<result property="zip" column="zip"/>
				<result property="address" column="address"/> 
				<result property="telephone" column="telephone"/> 
				<result property="email" column="email"/> 
</resultMap>
<select id="findLinesbyId" parameterType="long" resultMap="lineResult">
	select l.id,l.num,l.orderid,l.bookid,f.customerid,f.cost,f.orderdate,f.id,b.id,b.name as bname,b.price,
	c.id,c.name as cname,c.password,c.zip,c.address,c.telephone,c.email
	 from orderline l,orderform f,book b,customer c
	 where l.orderid=f.id and l.bookid=b.id and c.id=f.customerid and l.orderid = #{id}
</select>

<delete id="deleteLinebyOrderId" parameterType="long">
	delete from orderline where orderid=#{id}
</delete>


</mapper>