<?xml version="1.0" encoding="UTF-8"?>
<!DOCTYPE mapper PUBLIC "-//mybatis.org//DTD Mapper 3.0//EN" 
			"http://mybatis.org/dtd/mybatis-3-mapper.dtd">
<mapper namespace="com.briup.ssm.dao.IOrderDao">

	<insert id="saveOrder" parameterType="Order">
		<selectKey keyColumn="id" keyProperty="id" order="BEFORE" resultType="long">
			select store_test.nextval from dual
		</selectKey>
		insert into orderform values(#{id},#{cost},#{orderDate},#{customer.id})
	</insert>
	
	<resultMap type="Order" id="OrderResult">
		<id property="id" column="id"/>
		<result property="orderDate" column="orderdate"/>
		<result property="cost" column="cost"/>
		<association property="customer" javaType="Customer">
			<id property="id" column="customerid" />  
		</association>
		<collection property="lines" javaType="Line">
			<id property="id" column="lineid"/>
			<result property="num" column="num"/>
			<association property="book" javaType="Book">
				<id property="id" column="bookid"/>
				<result property="name" column="name"/>
				<result property="price" column="price"/>
			</association>
		</collection>
	</resultMap>
	<select id="findOrderById" parameterType="long" resultMap="OrderResult">
		select o.id,o.cost,o.orderdate,o.customerid,
		c.id,
		l.id as lineid,l.num,l.bookid,
		b.id,b.name,b.price
		from orderform o,customer c,orderline l,book b
            where o.customerid=c.id and l.orderid=o.id and l.bookid=b.id and
            o.customerid=#{id}
	</select>
	
	<resultMap type="Order" id="OrderResultByOrderId">
		<id property="id" column="id"/>
		<result property="orderDate" column="orderdate"/>
		<result property="cost" column="cost"/>
		<association property="customer" javaType="Customer">
			<id property="id" column="customerid" />  
		</association>
		<collection property="lines" javaType="Line">
			<id property="id" column="lineid"/>
			<result property="num" column="num"/>
			<association property="book" javaType="Book">
				<id property="id" column="bookid"/>
				<result property="name" column="name"/>
				<result property="price" column="price"/>
			</association>
		</collection>
	</resultMap>
	<select id="findOrderByOrderId" parameterType="long" resultMap="OrderResultByOrderId">
		select o.id,o.cost,o.orderdate,o.customerid,
		c.id,
		l.id as lineid,l.num,l.bookid,
		b.id,b.name,b.price
		from orderform o,customer c,orderline l,book b
            where o.customerid=c.id and l.orderid=o.id and l.bookid=b.id and
            o.id=#{id}
	</select>
	
	<delete id="deleteOrder" parameterType="Order">
		delete from orderform where id=#{id}
	</delete>
</mapper>	