<?xml version="1.0" encoding="UTF-8"?>
<!DOCTYPE mapper PUBLIC "-//mybatis.org//DTD Mapper 3.0//EN" 
			"http://mybatis.org/dtd/mybatis-3-mapper.dtd">
<mapper namespace="com.briup.ssm.dao.IShoppingCarDao">
<insert id="saveShoppingCar" parameterType="ShoppingCar" >
	<selectKey keyColumn="id" keyProperty="id" resultType="long" order="BEFORE">
			select store_test.nextval from dual
		</selectKey> 
	insert into shopcart values(#{id},#{customer.id})
</insert>

<update id="updateCar" parameterType="ShoppingCar">
	update shopcart set id=#{id} where customerid=#{customer.id}
</update>



<resultMap type="ShoppingCar" id="ResultShoppingCar">
<id column="id" property="id"/>
<association property="customer" javaType="Customer">
			<id property="id" column="customerid" /> 
				<result property="name" column="cname"/>
				<result property="password" column="password"/>
				<result property="zip" column="zip"/>
				<result property="address" column="address"/> 
				<result property="telephone" column="telephone"/> 
				<result property="email" column="email"/> 
</association>
</resultMap>


<select id="findCar" parameterType="Long" resultMap="ResultShoppingCar">
	select s.id ,s.customerid,
	c.id,c.name as cname,c.password,c.zip,c.address,c.telephone,c.email
	from shopcart s ,customer c where  s.customerid=c.id and customerid=#{id}
</select>


</mapper>